fips_code,lng,lat
13111,-84.31929617,34.86412558
19109,-94.20689787,43.20413984
42115,-75.80090451,41.82127676
40053,-97.78493404,36.79651364
29213,-93.04127586,36.65473646
12049,-81.80953792,27.49319733
5023,-92.02725586,35.53853919
48017,-102.8298267,34.06860316
49037,-109.8043936,37.62607487
31143,-97.56825226,41.18687055
42075,-76.45759104,40.36716938
35028,-106.3065081,35.86926339
40137,-97.85148899,34.48542286
19031,-91.13246684,41.77233777
19069,-93.26256925,42.73270384
20151,-98.73915959,37.6478469
27101,-95.76328482,44.02216709
29121,-92.56453089,39.83049768
55039,-88.48885325,43.75354908
48251,-97.36618817,32.3788142
55137,-89.24316913,44.11328215
4015,-113.7581706,35.70456821
12015,-81.91185513,26.90579274
20039,-100.4593928,39.78469039
35006,-107.9992972,34.91240949
26001,-83.59385271,44.68477825
6105,-123.1126773,40.65059444
1103,-86.85325062,34.45331009
31159,-97.13966029,40.8724014
40153,-99.26427063,36.42251383
39063,-83.66630827,41.00178146
36057,-74.43985937,42.90217659
29139,-91.47020839,38.94128519
20097,-99.28576492,37.55841651
13149,-85.12848262,33.296853
48085,-96.57266803,33.18822716
48107,-101.3000364,33.61431553
48081,-100.5295971,31.88933528
12003,-82.28452499,30.3309289
26017,-83.99005144,43.70716549
37153,-79.74711644,35.00590629
29023,-90.40672985,36.71638784
27105,-95.75326093,43.67428858
23001,-70.20524042,44.16543634
37003,-81.17692946,35.92074753
37063,-78.87606872,36.03605321
36093,-74.05833636,42.81832249
27079,-93.72984216,44.37144158
28107,-89.95079634,34.3639856
19027,-94.86032705,42.03617207
19075,-92.7914653,42.40195716
46003,-98.56175096,43.7180875
29173,-91.52194283,39.5275593
4005,-111.7705493,35.83875351
8081,-108.2075581,40.61858161
18141,-86.29001543,41.61670349
39037,-84.61945793,40.13381861
51590,-79.40912354,36.58309677
39077,-82.59842269,41.14651716
31053,-96.6539044,41.57781563
31097,-96.26520163,40.39252282
19165,-95.31015553,41.6850066
19197,-93.73515113,42.73305373
26057,-84.60482908,43.29296993
56025,-106.7988764,42.96194049
20163,-99.3248686,39.35022485
48153,-101.3031546,34.07227468
48227,-101.4356444,32.30621324
12099,-80.46503899,26.64741122
18171,-87.35336964,40.34704622
20187,-101.7842716,37.56304856
39085,-81.23712921,41.69689265
37181,-78.40836693,36.36465914
30089,-115.1333094,47.67490166
28039,-88.64422567,30.86260363
51081,-77.55962422,36.67571583
55065,-90.13189524,42.66021077
18101,-86.80307723,38.7079435
19187,-94.18176099,42.42794934
20067,-101.3079758,37.56227336
28129,-89.50664426,32.01792861
26075,-84.42251355,42.24852059
48497,-97.65458625,33.215766
36015,-76.75989461,42.14122122
48279,-102.3516289,34.06859623
6079,-120.4042917,35.38707354
40129,-99.69538847,35.68852706
38017,-97.24822334,46.93292237
37157,-79.77527984,36.39621434
35015,-104.3041733,32.47155056
27109,-92.40209709,44.00380771
6089,-122.0409443,40.76391106
55075,-88.03335785,45.38289899
31141,-97.52073009,41.57115154
35057,-105.8505392,34.64043207
19087,-91.54434433,40.98760854
19175,-94.24234847,41.0277278
27007,-94.93765473,47.97364569
27085,-94.27237288,44.82372142
19067,-92.78940097,43.0600053
20205,-95.74323255,37.55937174
55035,-91.28609183,44.726614
48135,-102.5429428,31.86898877
13119,-83.2291908,34.37559112
20189,-101.3119048,37.19230822
42001,-77.21807609,39.87146641
46013,-98.35163367,45.58993475
27043,-93.94781493,43.67387282
19137,-95.15642896,41.03018714
1021,-86.71887934,32.84771004
39113,-84.29037841,39.75442102
40073,-97.94153042,35.94535722
19147,-94.67824621,43.08193849
19047,-95.3819718,42.03718237
17107,-89.36775244,40.12467469
18081,-86.10174496,39.4899568
27083,-95.83918761,44.41338502
26165,-85.5781774,44.33841768
55027,-88.70770995,43.41581374
48021,-97.31201625,30.10367452
48149,-96.91986981,29.87663549
48159,-95.21903806,33.17532732
4012,-113.981207,33.7291609
24510,-76.61440436,39.30522045
42105,-77.89566563,41.74480517
47069,-88.99308826,35.2067611
26023,-85.05923475,41.91588904
13173,-83.06330638,31.03799605
19081,-93.73454884,43.08178477
36109,-76.47381763,42.45222263
36053,-75.66993538,42.91279676
19019,-91.83745828,42.47108244
19123,-92.64083907,41.33521502
20031,-95.73407587,38.23677253
19125,-93.09934783,41.33445101
17095,-90.2133034,40.93148779
27095,-93.62993103,45.9373852
19179,-92.40954728,41.03064984
16085,-115.5662454,44.76650867
28035,-89.25794407,31.18899065
17079,-88.15377894,39.01061641
46073,-98.62965972,44.06637798
55141,-90.0416185,44.45535331
48233,-101.3546643,35.84006574
48425,-97.77458843,32.22235362
48079,-102.8285179,33.60426094
48145,-96.93634455,31.25354356
27019,-93.8027205,44.82089558
38013,-102.5181759,48.79096757
48375,-101.893964,35.40133773
18099,-86.26180055,41.3248735
48069,-102.2617081,34.53004051
37007,-80.10243931,34.97378348
6005,-120.651296,38.44638702
16059,-113.9335998,44.9436279
19141,-95.62474725,43.0836202
16075,-116.7604309,44.00714137
17117,-89.92459485,39.26136043
37195,-77.9189122,35.70531169
17123,-89.34481931,41.03327407
19003,-94.69932645,41.02903567
19011,-92.06463573,42.08011739
51089,-79.87418576,36.68267428
55131,-88.23041319,43.36887792
27117,-96.258643,44.02300689
27031,-90.53150846,47.90304185
27147,-93.22627088,44.02240351
47001,-84.19904346,36.11862903
16039,-115.4691486,43.35417471
20057,-99.88814767,37.69182131
41047,-122.5849114,44.90322354
18145,-85.79146519,39.52312646
42079,-75.98893638,41.17686973
29117,-93.54864835,39.78202789
27161,-93.58720505,44.0220714
1111,-85.45918107,33.29354361
36005,-73.8615688,40.85091824
31119,-97.60078361,41.9166434
38021,-98.50488391,46.11017237
29109,-93.83291444,37.10627971
55059,-88.04209555,42.57659172
26073,-84.84664923,43.64060976
5031,-90.63270647,35.8310138
35047,-104.8156292,35.48004639
26109,-87.55660994,45.58036988
39089,-82.48290477,40.09170112
31011,-98.06703102,41.7067951
19033,-93.2612239,43.08177563
46025,-97.72949102,44.8584651
46039,-96.66802862,44.76015949
42021,-78.71388554,40.49518786
48023,-99.21352901,33.61640794
46047,-103.5274481,43.23917478
46099,-96.7914546,43.67413367
53001,-118.5603559,46.98352425
42037,-76.4051503,41.04903639
55069,-89.73474025,45.33724242
31003,-98.06660249,42.17696571
55089,-87.95138777,43.38375913
55097,-89.50154548,44.47561378
48047,-98.21866528,27.03154713
55033,-91.89653391,44.94674851
55117,-87.94566398,43.72108736
37151,-79.8058818,35.71023333
20199,-101.7637347,38.91690628
48093,-98.55874953,31.94854859
48103,-102.5151699,31.4287137
26037,-84.60138451,42.9439517
17029,-88.22141023,39.52086003
19077,-94.50111014,41.68378965
17037,-88.76979995,41.8933691
17041,-88.21756136,39.7695478
20115,-97.09712874,38.35899873
21129,-83.71573518,37.59456493
26077,-85.53044157,42.24536002
21157,-88.32927113,36.88327592
26081,-85.54918115,43.03204611
26107,-85.32464875,43.64070731
26117,-85.15230226,43.31058414
27047,-93.3488462,43.67383179
26133,-85.32556471,43.98998373
17049,-88.58969703,39.05935691
17053,-88.22313426,40.59686492
21233,-87.68319621,37.51850288
48303,-101.8204789,33.61008596
40043,-99.00647121,35.98768882
48349,-96.47280759,32.04696933
19035,-95.62389402,42.73538914
19017,-92.31795937,42.77461496
27093,-94.52871063,45.12332877
27059,-93.29470209,45.56125565
48413,-100.5384877,30.89734895
27165,-94.61413846,43.97823903
36021,-73.63186276,42.25016297
34023,-74.41108832,40.43949114
27121,-95.44454861,45.58611957
29115,-93.10705251,39.870461
6071,-116.1783784,34.84157876
13175,-82.92233434,32.46355824
13133,-83.16678441,33.57887215
5123,-90.74840472,35.02180511
55085,-89.52161421,45.70521979
55113,-91.14489019,45.87995292
27137,-92.46951183,47.60334656
12041,-82.80043459,29.72600841
29061,-93.98514508,39.96169076
29079,-93.56516333,40.1140924
48049,-98.99881071,31.77417703
48209,-98.03105783,30.05810528
48235,-100.982439,31.30375559
37081,-79.78852575,36.07964464
20173,-97.46083703,37.68448116
6053,-121.2387503,36.21711865
19013,-92.30867416,42.47009403
20023,-101.7318625,39.78580547
12027,-81.80959835,27.18691656
17137,-90.20121837,39.71580417
8045,-107.9036205,39.59941978
48237,-98.17283469,33.23377248
12111,-80.47111892,27.377528
8057,-106.3427076,40.66623861
13023,-83.32769512,32.43444176
20121,-94.83822279,38.56363954
17109,-90.67775541,40.45674722
20109,-101.148475,38.91735806
17121,-88.91900564,38.64962591
39119,-81.94452332,39.96581387
20193,-101.0553705,39.35107575
8103,-108.2172628,39.97993245
8105,-106.3829289,37.58223621
39137,-84.13168547,41.02216769
17175,-89.79757636,41.09327074
39139,-82.53676639,40.77482478
48393,-100.813175,35.83809685
48399,-99.97616148,31.8314342
48421,-101.8933684,36.27765456
17199,-88.93009646,37.73040742
12011,-80.48723143,26.15220703
39033,-82.91997484,40.85061678
13195,-83.20833143,34.12798628
48011,-101.3574874,34.96507426
48317,-101.9513518,32.30600051
48033,-101.4316509,32.74363984
40031,-98.47164344,34.6620099
8025,-103.7838298,38.32685938
48431,-101.0500746,31.82781912
48461,-102.0428877,31.36864453
48495,-103.048449,31.85000039
48253,-99.87871324,32.7400927
48441,-99.88996827,32.30175703
48335,-100.9212058,32.30623474
48059,-99.37326312,32.29760619
40083,-97.44308101,35.91913897
36043,-74.96255405,43.41936241
48467,-95.83674215,32.56379892
40109,-97.4075036,35.55141319
48213,-95.85377795,32.21224151
36007,-75.8198592,42.16037158
48185,-95.98558082,30.5437066
40127,-95.37595261,34.41635817
29063,-94.40452876,39.89285656
54033,-80.37983086,39.28363307
28031,-89.55267845,31.6331285
50015,-72.641331,44.60594136
28069,-88.64097868,32.75459457
32021,-118.4346446,38.53880917
39015,-83.86741596,38.93410315
27017,-92.67716012,46.592321
12019,-81.85783045,29.98317912
38101,-101.541865,48.22179884
20185,-98.71763136,38.03102509
41021,-120.210458,45.37780558
38049,-100.6362783,48.23439818
20105,-98.20749,39.04547506
13021,-83.69682554,32.80691473
26125,-83.38594391,42.66090645
19009,-94.90581859,41.6844628
18015,-86.5635188,40.58306044
26135,-84.12938765,44.68170135
47047,-89.41493045,35.19709994
20167,-98.76247878,38.91467637
26087,-83.22153148,43.09052506
51550,-76.30244008,36.67787032
18179,-85.22119115,40.72931843
20085,-95.79433878,39.41641542
19171,-92.53266945,42.07991767
6103,-122.2338547,40.12559985
18103,-86.04523681,40.76954805
6109,-119.9551317,38.02748982
49043,-110.9558542,40.86838131
17141,-89.32021067,42.04257451
6057,-120.7682923,39.30150048
20027,-97.16512523,39.34944765
16049,-115.4671964,45.84388002
38079,-99.84096449,48.77247566
20143,-97.65020313,39.13237408
36049,-75.44886742,43.78465035
37029,-76.20583468,36.38675278
20119,-100.3655617,37.23826363
42007,-80.34928676,40.68241496
31095,-97.14261379,40.17580816
13009,-83.24970322,33.06940962
48501,-102.8279472,33.1730387
42025,-75.70851105,40.91846484
39149,-84.20440063,40.33212183
18057,-86.05184193,40.07229856
19015,-93.93139995,42.0366177
26021,-86.41252941,41.95468812
26067,-85.07413319,42.94502238
48129,-100.8140093,34.96517499
47113,-88.83867386,35.60806385
39023,-83.78354054,39.91660044
4023,-110.8466869,31.52598116
13177,-84.14092773,31.77942972
20175,-100.850601,37.19327656
22017,-93.88236667,32.5802177
23009,-68.35862848,44.64373173
39039,-84.49071987,41.3239854
30025,-104.417515,46.3343054
27063,-95.15400031,43.67418723
28123,-89.53789439,32.4067041
8003,-105.788359,37.57261807
12091,-86.59219666,30.69101554
12117,-81.23634611,28.71682625
46049,-99.14535601,45.07082625
13131,-84.23475065,30.87476853
27111,-95.70748857,46.4090783
44001,-71.28385194,41.71169465
26059,-84.59305475,41.88768696
8041,-104.5257538,38.83242336
31139,-97.60122773,42.26434853
29169,-92.20749866,37.82458658
39169,-81.88780787,40.82926705
26111,-84.38804837,43.64674881
19113,-91.59809485,42.07923082
16015,-115.730321,43.98909247
27041,-95.45422901,45.93372693
17055,-88.9239703,37.99202257
55081,-90.61820195,43.94576215
55025,-89.41786325,43.06746565
47131,-89.1487146,36.35824874
20191,-97.476759,37.2369258
30051,-111.0252038,48.56122467
28075,-88.66247435,32.40429857
48117,-102.6052738,34.96515022
42109,-77.06984318,40.76993359
40103,-97.23050054,36.3884853
20111,-96.15280427,38.45580918
17093,-88.42879892,41.59088826
26045,-84.83740035,42.59599185
17039,-88.90408529,40.17434051
19029,-94.92806328,41.33152905
48463,-99.76229172,29.35739637
40015,-98.37502407,35.17437642
27131,-93.2965986,44.35432778
27151,-95.68142474,45.28288933
55129,-91.79131495,45.89909725
31001,-98.50117804,40.5244942
20203,-101.3471509,38.48178252
55087,-88.46565023,44.41578887
48127,-99.75646833,28.42276169
48139,-96.79470819,32.34880007
48437,-101.7349174,34.53028891
36017,-75.61144344,42.49352629
39071,-83.60078719,39.18468334
13275,-83.91853341,30.86359281
18007,-87.31082597,40.60631635
26095,-85.54389048,46.4704998
37041,-76.60802425,36.14854015
39171,-84.58816167,41.56027968
37169,-80.23912302,36.40186627
29091,-91.88649829,36.77371722
33009,-71.82064764,43.94073661
26127,-86.26734566,43.64097781
53007,-120.6188281,47.86921949
31185,-97.59710186,40.87272618
31019,-99.07510068,40.85504881
39143,-83.14419942,41.35730372
40039,-99.0014123,35.63856198
18095,-85.71947571,40.16126825
20133,-95.30682401,37.5582728
20083,-99.89821264,38.08784693
29205,-92.07658198,39.7979959
46005,-98.27883711,44.41467039
51775,-80.05325441,37.28655753
1081,-85.35522451,32.60106116
4007,-110.8119677,33.79996932
6061,-120.717846,39.06347097
6017,-120.5247066,38.77888901
13097,-84.76851394,33.7021135
37069,-78.2853416,36.08251637
39159,-83.37130174,40.29926661
38045,-98.53552136,46.45686514
39065,-83.65939867,40.66129428
18067,-86.1167092,40.48362355
20009,-98.75632156,38.478934
17011,-89.52841534,41.40406966
27039,-92.86236786,44.02229546
55053,-90.80515334,44.31927005
26025,-85.00508394,42.24636617
20135,-99.91547333,38.47974157
20015,-96.83878537,37.78134351
46069,-99.48692012,44.54709825
46017,-99.20485567,44.07640555
48065,-101.3542669,35.40365929
48173,-101.5207776,31.86942909
48381,-101.8971322,34.96585996
46037,-97.60737593,45.36728275
17197,-87.97829555,41.44485087
19063,-94.67861391,43.37782281
23003,-68.5987449,46.65913528
37149,-82.17008141,35.27959223
27091,-94.55099667,43.67430059
32013,-118.1118195,41.4063802
13243,-84.75379101,31.7621807
48359,-102.6027421,35.40425708
37109,-81.22393811,35.48589556
38069,-99.97174953,48.24958064
36035,-74.42194258,43.11377432
31077,-98.52144222,41.56747021
18157,-86.89407624,40.38871167
18093,-86.48322849,38.84095382
19121,-94.01554631,41.33081904
17171,-90.47455118,39.64403604
50009,-71.736327,44.7283185
55071,-87.80948518,44.11990639
39151,-81.36571811,40.8138382
29039,-93.85592541,37.72350148
20059,-95.28621552,38.56442768
18181,-86.8655579,40.74977914
17051,-89.02441763,39.0000587
27067,-95.00576302,45.15252304
31059,-97.59646937,40.52458567
19073,-94.39658081,42.03614551
20159,-98.20053402,38.34721983
20003,-95.29324204,38.21396508
46059,-99.00538393,44.54798838
55055,-88.77532763,43.02053192
36097,-76.8749143,42.39369114
46029,-97.18860384,44.97790512
28067,-89.168969,31.62257767
37077,-78.65301,36.30365992
39103,-81.8998621,41.11770589
16081,-111.2078712,43.7599238
20155,-98.08586348,37.95303921
41055,-120.6892687,45.4052255
19021,-95.15100162,42.73545875
19079,-93.70672502,42.38395377
17023,-87.7878617,39.33402321
19145,-95.15010031,40.73917437
26131,-89.31491201,46.66430808
48003,-102.6376348,32.30470528
47067,-83.2217117,36.52355034
35029,-107.7498996,32.18233304
31061,-98.95299529,40.17637323
6069,-121.0752215,36.60559815
18097,-86.13826325,39.78163624
51065,-78.27765024,37.84216441
48075,-100.2077744,34.52929885
41043,-122.5341835,44.48880768
37001,-79.39913194,36.04378576
39129,-83.02450193,39.64185964
27149,-96.00022786,45.58615985
27125,-96.09561104,47.87197525
19037,-92.31766909,43.06009652
28017,-88.94784369,33.92084863
29101,-93.80588795,38.74399152
27051,-96.01216405,45.93402352
28079,-89.52402041,32.7536828
48125,-100.7788855,33.61616822
48189,-101.8268114,34.07044901
39125,-84.58018842,41.11674251
8017,-102.6036365,38.82780723
17163,-89.92848248,38.4703223
23029,-67.62910779,45.02177186
26153,-86.19985664,46.19666734
39107,-84.62929783,40.54030771
31109,-96.68776297,40.78416865
31157,-103.7084612,41.85095717
33011,-71.71602867,42.9153307
30001,-112.899016,45.13261641
6019,-119.6506833,36.75807672
12055,-81.34078347,27.3428855
56029,-109.5885953,44.52053528
48385,-99.82222259,29.8324893
13179,-81.49463778,31.82777126
8011,-103.0720227,37.95492416
48305,-101.8162849,33.17657705
20051,-99.31751551,38.91458712
20117,-96.52279918,39.78357355
55005,-91.84833604,45.42372695
29015,-93.28827876,38.2951634
18135,-85.0114051,40.15748383
29071,-91.07489027,38.4111314
31179,-97.11926964,42.20934475
34011,-75.11135485,39.37323951
18107,-86.89342256,40.04037231
20081,-100.8710456,37.56200432
1037,-86.24789409,32.9362956
55139,-88.64477096,44.06886922
28009,-89.18844118,34.8172204
55073,-89.75863384,44.89792533
36091,-73.86394518,43.10743063
20139,-95.72707998,38.65235984
48163,-99.10804207,28.86751206
17147,-88.59111102,40.01024723
29077,-93.34188307,37.25758647
22055,-92.0636004,30.20738593
33007,-71.30563958,44.68948989
5051,-93.15048723,34.57659951
47071,-88.1845967,35.19856007
56031,-104.9661319,42.13239072
17097,-88.00373142,42.32318039
37107,-77.64152691,35.23892735
13215,-84.87620281,32.51001825
42077,-75.59214444,40.61280627
26161,-83.83879891,42.25344402
19055,-91.36741055,42.4713865
13089,-84.22665212,33.77122192
19169,-93.46499005,42.03621213
22005,-90.91101939,30.20335229
51183,-77.26234107,36.92136549
48195,-101.3545796,36.27743284
40097,-95.23132466,36.30176119
30029,-114.0497122,48.29520088
20077,-98.07579639,37.1917471
20037,-94.85185156,37.50702733
26137,-84.59972828,45.02079452
19095,-92.06369553,41.68621637
48009,-98.68754589,33.61569967
37093,-79.23678619,35.01716668
22089,-90.35781296,29.90559494
31063,-100.3936643,40.53024724
19103,-91.58679259,41.67150873
18131,-86.69890683,41.04166107
27133,-96.25305709,43.67485346
39069,-84.06830637,41.3339642
38003,-98.07170952,46.93593125
38091,-97.72479507,47.45618207
46081,-103.7921498,44.35866653
45061,-80.25465278,34.16360573
19041,-95.15096481,43.08247182
20049,-96.24370891,37.45338324
27033,-95.18136404,44.00720878
26123,-85.80070154,43.5544124
41065,-121.1678419,45.16003768
27113,-96.03627453,48.0666771
26115,-83.53769332,41.92832154
48391,-97.16001089,28.32554745
41027,-121.6512892,45.51931999
45051,-78.99657939,33.92139357
45005,-81.35758839,32.98833364
37039,-84.06424533,35.13376757
29037,-94.35504883,38.64793026
31153,-96.11218009,41.11287068
36027,-73.74303603,41.76513375
13117,-84.12468922,34.2256545
35025,-103.4124539,32.79215735
48263,-100.7780898,33.18104889
40149,-98.99166621,35.29031759
26145,-84.0526996,43.33526107
6031,-119.8151995,36.07520008
20123,-98.20900663,39.39334518
27123,-93.09987304,45.01747232
55017,-91.28017125,45.06921882
26079,-85.0904614,44.68488514
31175,-98.98208511,41.56723462
12125,-82.37209886,30.04340869
31151,-97.14080062,40.52415215
48231,-96.08560239,33.12356693
49009,-109.5076481,40.88725861
20095,-98.13639393,37.55911415
48151,-100.4019302,32.74281316
42131,-76.01693959,41.51833347
19093,-95.51355387,42.38696136
48211,-100.2703577,35.83764858
39109,-84.22868895,40.05414393
29187,-90.47255556,37.81055607
6091,-120.5162324,39.58019892
48115,-101.9477242,32.74255572
6083,-120.0150919,34.67142103
8009,-102.5601186,37.31923997
9001,-73.38919037,41.26973285
13053,-84.78680953,32.34694534
18173,-87.2717425,38.09237205
18019,-85.70765032,38.47743705
21041,-85.12373313,38.66814643
21117,-84.53313887,38.93368118
26013,-88.36559186,46.66237725
54019,-81.08105939,38.02876546
47085,-87.77571312,36.04110957
48221,-97.83219383,32.43002712
47079,-88.30116646,36.33178059
40051,-97.88360671,35.01633237
41067,-123.0985728,45.55989124
37185,-78.10671227,36.39674307
5035,-90.30924635,35.20762172
18153,-87.41401466,39.08909886
19089,-92.31710205,43.35677003
19115,-91.25958262,41.21843405
19097,-90.57403934,42.17178419
21015,-84.72794553,38.96984373
22109,-90.86454347,29.40922061
8065,-106.344854,39.20226223
12013,-85.19679907,30.40604523
8035,-104.92921,39.32970828
56023,-110.656067,42.26409375
51153,-77.48028729,38.70276099
49003,-113.0821456,41.52095018
49045,-113.1311648,40.44875267
37085,-78.86964365,35.368729
31017,-99.92949608,42.43016331
45067,-79.36252998,34.08038363
30095,-109.394534,45.66951507
30017,-105.5718948,46.25264388
35061,-106.8090108,34.71536166
36123,-77.10558958,42.63362823
13267,-82.05794341,32.04578293
29105,-92.59043082,37.65865829
13321,-83.8509648,31.55124636
20001,-95.30115478,37.88555459
27003,-93.24708307,45.27314304
29043,-93.18847844,36.96906632
20007,-98.68457457,37.22893536
55095,-92.44123483,45.4615393
30099,-112.2407056,47.83722455
33001,-71.4226598,43.51832231
36069,-77.29986178,42.85304122
31101,-101.6614388,41.19906619
13161,-82.63685771,31.8053696
21067,-84.4589719,38.04287124
21081,-84.62407384,38.64914531
18059,-85.77325696,39.82296118
27009,-93.9984359,45.69827623
49039,-111.5763852,39.37372605
19083,-93.24040527,42.38393029
18105,-86.52334305,39.16100464
23017,-70.75611419,44.49924446
25005,-71.11419448,41.79709525
48201,-95.39302715,29.85748873
40071,-97.1438723,36.81795089
30101,-111.6959501,48.65534485
36073,-78.23141929,43.25158537
36101,-77.3834881,42.26788874
34021,-74.70164497,40.28339139
5109,-93.65621,34.16356461
54051,-80.66340417,39.86038842
23027,-69.14427892,44.50136648
42133,-76.72634152,39.92001283
47157,-89.89620223,35.18412715
39081,-80.76113054,40.38470042
37115,-82.70612535,35.85793329
37133,-77.42736897,34.72975141
35007,-104.6468731,36.60619925
27049,-92.72266089,44.40972913
27169,-91.77934467,43.98683746
32023,-116.47176,38.04212846
28049,-90.44251629,32.26628404
20157,-97.65034285,39.8279368
48493,-98.08694449,29.17420221
55111,-89.94819801,43.42667177
48373,-94.82986499,30.79270853
41037,-120.3873864,42.79350818
12005,-85.62005473,30.26520819
1097,-88.20659057,30.77909854
6037,-118.224703,34.32134579
6035,-120.5947447,40.6733613
12063,-85.21596518,30.79547704
20025,-99.8196146,37.23547247
21177,-87.1426872,37.21592449
13225,-83.82790492,32.56840679
55021,-89.33408259,43.4669904
35051,-107.1925539,33.13025321
48327,-99.8204794,30.88990665
49017,-111.4425093,37.85511631
48175,-97.42628751,28.65724851
4027,-113.9058099,32.76933672
12021,-81.34769003,26.11069361
36029,-78.73230753,42.76409998
29199,-92.1472444,40.45201091
27173,-95.86888348,44.71626059
12051,-81.16511547,26.55374425
18031,-85.50090226,39.30715055
8019,-105.6447627,39.68922182
49023,-112.7847328,39.70284831
1079,-87.31085381,34.52223687
48369,-102.7844494,34.52993922
51103,-76.46151665,37.73239182
31079,-98.50212614,40.87261328
39091,-83.76526991,40.3883971
39141,-83.0569591,39.33753008
30097,-109.939664,45.813756
36121,-78.2237766,42.70226414
42081,-77.06520269,41.34394419
30055,-105.7952945,47.64515532
28065,-89.82311087,31.56973198
17009,-90.75018804,39.96180493
17043,-88.08563421,41.85173736
51017,-79.74123354,38.05836054
1015,-85.82574705,33.77141549
1121,-86.16587666,33.37992421
51131,-75.87764606,37.34305358
37057,-80.21253309,35.79311799
37155,-79.10352623,34.64028878
42097,-76.70893391,40.85142483
40027,-97.3267069,35.20346872
42121,-79.75792032,41.40101962
18065,-85.39654344,39.93112507
18143,-85.74696726,38.68627244
20145,-99.23682021,38.18106307
12081,-82.31571914,27.47189899
17017,-90.24761202,39.97376092
12033,-87.36273986,30.66830369
18037,-86.87970258,38.36427783
17063,-88.41891328,41.2856038
46077,-97.4913945,44.36956169
47043,-87.35658415,36.14932156
49035,-111.9241028,40.66728813
51197,-81.07803317,36.91686677
48333,-98.59562176,31.49516229
12129,-84.40005301,30.16603091
13213,-84.74799528,34.78861644
17201,-89.16084223,42.33630888
17007,-88.82348512,42.32294195
18083,-87.41778158,38.68954718
19119,-96.2102221,43.38111289
46051,-96.76789112,45.17218979
37013,-76.85887749,35.49296573
37113,-83.42232408,35.15057533
36009,-78.67903202,42.24856064
33015,-71.12556353,42.98749699
36055,-77.69595887,43.14694904
34015,-75.14071747,39.71694144
8037,-106.6953848,39.62801893
8073,-103.5137335,38.98742236
1085,-86.65002353,32.1550404
54039,-81.52827161,38.33643035
29027,-91.92616939,38.83570509
16043,-111.4821032,44.22898675
48113,-96.77788947,32.76665041
6025,-115.3657218,33.03935669
11001,-77.01629654,38.90478149
12075,-82.74249558,29.31952768
45085,-80.38227873,33.91600797
51043,-77.99656139,39.11236047
44005,-71.23906841,41.55667416
53013,-117.9078252,46.29796069
53021,-118.8984754,46.5350455
26053,-89.69437271,46.40885281
5001,-91.37520643,34.29076839
8013,-105.3574574,40.09241482
34033,-75.34910669,39.58787069
13263,-84.53322383,32.69944401
17001,-91.18842478,39.98808185
31147,-95.71768995,40.12499676
19151,-94.67862564,42.73420133
17103,-89.29939757,41.74622905
46015,-99.08125406,43.71816719
53023,-117.5446476,46.43130985
27107,-96.45566228,47.32618622
50021,-73.03669897,43.57983752
27129,-94.94679511,44.72672673
4021,-111.34488,32.90415087
6077,-121.2712102,37.9345275
53073,-121.7209525,48.82595321
1127,-87.29727889,33.80316281
1051,-86.14884036,32.59724126
37105,-79.17158398,35.47515626
45027,-80.21662078,33.66542745
41061,-118.0093556,45.31039084
37127,-77.9861842,35.96771851
48013,-98.52716292,28.89331115
51037,-78.66167401,37.0117581
41031,-121.176431,44.62935891
29041,-92.96305582,39.51548794
53071,-118.4785331,46.22968278
29131,-92.42809571,38.21438575
51119,-76.56869484,37.62970349
41025,-118.9679625,43.06361843
51015,-79.13408568,38.16483645
54003,-78.0274399,39.46408048
55029,-87.31112969,44.95030522
39173,-83.62311366,41.36160162
37163,-78.37163083,34.99203592
27005,-95.67483556,46.93523736
18027,-87.07197336,38.70229994
29007,-91.84163742,39.21595536
23011,-69.76757384,44.40901704
28019,-89.24846009,33.34764715
26113,-85.09471001,44.33770935
51117,-78.3626113,36.68047202
37035,-81.21481079,35.66260115
23005,-70.37661287,43.83897334
55037,-88.39761751,45.8480979
25027,-71.90780992,42.35111931
13049,-82.13757286,30.7815722
37191,-78.00407767,35.36389637
41013,-120.3567062,44.14229491
36023,-76.07049311,42.59514578
30111,-108.2742553,45.93715306
39157,-81.47450488,40.44131431
18159,-86.05195096,40.31121117
22093,-90.79581459,30.02623427
22079,-92.53365886,31.19810087
8113,-108.405806,38.00399367
30107,-109.8444012,46.46630385
37059,-80.54428142,35.92957297
31047,-99.81946635,40.86987625
13291,-83.99038243,34.83375049
20053,-98.20501891,38.6967292
36037,-78.19407819,43.00056703
27013,-94.06697737,44.03450234
25019,-70.07344074,41.28422779
21169,-85.62919821,36.99052063
51159,-76.7268014,37.94301072
48157,-95.77093789,29.52747353
21069,-83.69658812,38.37035302
13115,-85.21440801,34.26315113
20069,-100.4379698,37.73851836
17173,-88.80591091,39.39127226
28133,-90.58875506,33.60184158
26155,-84.14662058,42.95402135
27139,-93.53696693,44.64850008
31181,-98.50021623,40.17643706
48073,-95.16565693,31.83752856
47037,-86.78502875,36.16932462
45009,-81.05432857,33.21508217
6081,-122.328899,37.42298018
4025,-112.5538467,34.59969928
18051,-87.58518363,38.31161078
17111,-88.45263983,42.32444631
20035,-96.83732848,37.23777562
24009,-76.56882392,38.5437742
31111,-100.7452801,41.04750134
21017,-84.21645396,38.20656118
51127,-76.9971687,37.50499104
55107,-91.1333376,45.47489408
9015,-71.98737539,41.83006633
13241,-83.40264155,34.88165754
17157,-89.82565532,38.05214985
16027,-116.7092162,43.6251769
40045,-99.75451143,36.21835085
18165,-87.46414164,39.85409324
8083,-108.5964924,37.33893986
25021,-71.20690516,42.1624614
48321,-96.01140809,28.82108792
42117,-77.25438714,41.77283534
47109,-88.56332928,35.17583563
45021,-81.62012099,35.04837373
49007,-110.5891155,39.64773138
51149,-77.22446275,37.18648609
45089,-79.72785637,33.62020834
48371,-102.7234229,30.78076842
19005,-91.37915589,43.28400613
26033,-84.56284345,46.30032406
40151,-98.86351819,36.76674112
40133,-96.61546183,35.1672074
35027,-105.4585461,33.74510826
38057,-101.8317306,47.30905996
35043,-106.8658272,35.68909544
16021,-116.4627525,48.766998
18091,-86.74045399,41.5459356
47019,-82.12769739,36.29228876
45003,-81.63493042,33.544095
56041,-110.5474049,41.28749663
48199,-94.3902703,30.33224472
1033,-87.80463371,34.70085284
4013,-112.4908888,33.34875974
13145,-84.9082899,32.73613817
25001,-70.2898624,41.7232979
40017,-97.98241218,35.54233821
46009,-97.88493814,42.98827986
35055,-105.630976,36.57834262
36067,-76.19460186,43.0061269
37131,-77.39657442,36.41780769
27081,-96.26720134,44.4123209
29510,-90.24484413,38.63654694
29005,-95.42832663,40.430839
16055,-116.7000308,47.6744641
18075,-85.00574703,40.43780769
18123,-86.6380062,38.07971276
18147,-87.00784468,38.01429111
21145,-88.71249008,37.05384925
41003,-123.428743,44.49161157
31131,-96.1350641,40.64856103
51036,-77.06179476,37.35669644
19007,-92.86861174,40.74323979
17019,-88.19947606,40.13984863
53053,-122.1122121,47.02680625
53059,-121.9148915,46.02280969
4003,-109.7510129,31.87959362
5143,-94.21571712,35.97899668
9005,-73.24526767,41.79242134
22125,-91.42038292,30.88038848
25025,-71.07033478,42.33340065
47051,-86.09233522,35.15504791
31127,-95.84990553,40.38784773
29095,-94.34603332,39.00926211
35041,-103.4801987,34.02127232
34019,-74.91261058,40.56697742
13159,-83.68792053,33.31633785
21065,-83.96441737,37.6925357
6013,-121.9281273,37.91933375
35031,-108.2616781,35.58040415
16073,-116.1698327,42.58161924
18177,-85.00991888,39.86440062
18155,-85.03658909,38.82631081
19139,-91.11279575,41.48388139
19191,-91.84475831,43.29085957
47027,-85.5429723,36.55111287
37173,-83.4921876,35.48677176
28087,-88.4432447,33.47293459
31025,-96.14069252,40.90976087
37187,-76.57653423,35.82268131
18125,-87.2323432,38.39848154
13015,-84.84068937,34.23786814
48387,-95.04966416,33.62099176
24005,-76.63603021,39.4596552
24015,-75.94133759,39.57067423
37079,-77.67650726,35.48563343
18061,-86.11124563,38.19522174
23013,-69.15278458,44.12441708
38099,-97.72134503,48.36930301
1063,-87.95276818,32.853304
53067,-122.8330654,46.92672896
38059,-101.2808428,46.71620349
47065,-85.1644476,35.18133492
47143,-84.92418399,35.60911854
24019,-76.02355952,38.46896686
48039,-95.45158629,29.18949785
35013,-106.8330858,32.35265229
12093,-80.88873614,27.3866315
8043,-105.4399703,38.47306423
55123,-90.83463661,43.59402052
38015,-100.4687948,46.97733689
13163,-82.41823729,33.05432827
13289,-83.42729345,32.66724559
22003,-92.82796914,30.65238675
20065,-99.88334471,39.34986711
16001,-116.241035,43.45084054
17159,-88.08560224,38.71228739
28073,-89.50870961,31.20573333
6085,-121.6951016,37.23169965
51107,-77.63575211,39.09048044
46023,-98.58785039,43.20792726
37139,-76.28360001,36.29472462
39087,-82.53675197,38.59849502
1073,-86.89657084,33.5543433
37067,-80.25626566,36.13057844
45063,-81.27229853,33.90217281
21167,-84.87436107,37.81116654
10001,-75.56844621,39.08639126
55049,-90.13523894,43.00020828
31041,-99.72614484,41.39416503
24027,-76.93099926,39.25078653
24029,-76.0404081,39.25416924
24031,-77.20428439,39.13634899
37091,-76.98162611,36.35892018
35023,-108.7148057,31.91398466
36003,-78.02730689,42.25731952
28059,-88.6353787,30.53467952
37061,-77.93295681,34.93627171
31071,-98.99111827,41.91428955
13121,-84.46714878,33.79038574
20141,-98.76753828,39.3503437
16053,-114.2642648,42.68974614
54001,-80.00360456,39.13281051
47075,-89.28418692,35.58313405
38065,-101.3403504,47.115508
6111,-119.0848457,34.45474678
6095,-121.9331593,38.27025048
45077,-82.72522047,34.88795956
45087,-81.61926683,34.68978386
45083,-81.99110742,34.93148726
56033,-106.8799546,44.79068012
56013,-108.6304217,43.04055711
27115,-92.74140502,46.12071071
30023,-113.0672423,46.06059035
30093,-112.6566556,45.90234114
29031,-89.68444987,37.38402006
25013,-72.63119338,42.13509064
21079,-84.53826255,37.63999075
25023,-70.81296132,41.95331777
45013,-80.73004378,32.3853684
45053,-81.03177638,32.43633197
27045,-92.08990525,43.6739576
49011,-112.1116607,40.99072955
49057,-111.9127797,41.27005573
37051,-78.82718356,35.04887721
5103,-92.88191217,33.59337533
10003,-75.64791441,39.58150592
13077,-84.76342787,33.35346702
17027,-89.4229686,38.60632268
48161,-96.14897872,31.7044343
13233,-85.18805562,34.00190077
31031,-101.1185272,42.54499866
24003,-76.60335105,39.0057724
46135,-97.39494039,43.00895493
37087,-82.98251028,35.55576195
21161,-83.82396293,38.59510651
49049,-111.670284,40.11980262
26105,-86.25017381,43.99535369
9007,-72.5354823,41.46358412
37197,-80.66532457,36.1604416
10005,-75.38998106,38.66089142
37089,-82.48021492,35.33655768
13157,-83.56602206,34.1338612
37161,-81.92041527,35.4018617
16063,-114.1383193,43.00232711
51141,-80.28481637,36.67809987
31089,-98.78376243,42.45557846
42067,-77.40277415,40.5308105
18089,-87.38221633,41.41685156
42071,-76.24786695,40.04261494
45019,-79.95226654,32.83417041
48015,-96.27800561,29.88707804
37193,-81.16305367,36.20617699
6093,-122.5405164,41.59272613
27025,-92.90829767,45.5024111
26121,-86.1519783,43.2913812
17075,-87.82452537,40.74732578
6087,-122.0017742,37.0561908
13141,-83.00098883,33.27020552
48271,-100.4179055,29.35014052
16019,-111.6147928,43.38792191
29107,-93.7855705,39.06555761
22117,-90.04035989,30.85339081
42027,-77.81986792,40.91933775
47073,-82.94554982,36.4410474
42029,-75.74843926,39.97329798
45033,-79.37858369,34.39138915
42031,-79.42093979,41.19261355
45039,-81.12125577,34.39533447
21183,-86.84842961,37.47818665
5125,-92.67655329,34.64661779
48273,-97.72430027,27.43132443
6115,-121.3508296,39.26930746
20091,-94.82256945,38.88370015
13013,-83.71288108,33.99268452
16031,-113.6013217,42.28381567
51147,-78.44090565,37.22409267
38029,-100.2386194,46.28495441
42093,-76.65904667,41.02752391
42095,-75.30735363,40.75446063
47089,-83.44652522,36.0513409
49021,-113.2894426,37.85935379
30009,-109.0283184,45.22736746
44003,-71.59305645,41.6720081
27053,-93.47715121,45.00479678
47165,-86.46074089,36.46938867
17065,-88.53883373,38.08163641
17099,-88.88623869,41.34406943
48277,-95.57108168,33.6672152
51077,-81.22507847,36.65661781
12071,-81.84068841,26.57801557
24033,-76.84739072,38.8299677
32011,-116.2694709,39.98327398
34007,-74.96012063,39.80401748
50001,-73.14089327,44.03090072
49005,-111.743741,41.72255404
48245,-94.16307113,29.88337578
48351,-93.74533244,30.78564527
13245,-82.07386121,33.35950332
40055,-99.56059648,34.93429868
12031,-81.67063889,30.33214142
39093,-82.1511144,41.29557931
36013,-79.36664149,42.22817594
29011,-94.34736796,37.50205562
48045,-101.2084947,34.53026962
29069,-90.09071406,36.2722822
37171,-80.68725838,36.41459623
42043,-76.77925448,40.41555232
30039,-113.4401981,46.40415824
31033,-102.9949509,41.21970871
48255,-97.85944813,28.90564205
56001,-105.7236684,41.65453797
56007,-106.9303916,41.69413999
56021,-104.6892193,41.30709358
51011,-78.81172877,37.37242345
30037,-109.1749672,46.38114583
56005,-105.5484733,44.24806602
26151,-82.82063341,43.4237632
1117,-86.66137476,33.26405258
17091,-87.86189197,41.13747976
18163,-87.58559945,38.02551429
39049,-83.0091231,39.96927249
29021,-94.80618288,39.65989328
29165,-94.77380125,39.38073683
39061,-84.54309843,39.19557749
30021,-104.899515,47.26636057
27167,-96.46820682,46.35705832
38051,-99.4414601,46.11180534
35017,-108.3823282,32.73885662
47161,-87.83755715,36.50150068
48035,-97.63435711,31.90035901
51033,-77.34662195,38.02701807
56009,-105.5077277,42.9722826
27075,-91.44445826,47.64037177
8091,-107.7693048,38.15498465
49015,-110.7004925,38.99637448
48029,-98.52016013,29.44911665
36047,-73.93708255,40.63562226
26041,-86.92347486,45.91736311
5029,-92.70098811,35.26227905
45059,-82.00535135,34.48372258
55109,-92.4529513,45.03345626
8107,-106.9915083,40.48549841
16023,-113.1719663,43.72266581
5145,-91.74548804,35.25612459
49027,-113.1003083,39.07403971
12121,-82.99147597,30.19562156
48027,-97.47823134,31.03762665
12123,-83.60328684,30.04712958
51101,-77.08804071,37.70635361
48147,-96.10669521,33.59387579
35005,-104.4668372,33.36323485
48155,-99.77794293,33.97478308
26089,-85.81220561,44.93943424
45075,-80.80086358,33.43921301
56039,-110.5896979,43.93456366
40107,-96.3228392,35.46544123
48409,-97.51888305,28.00978811
6043,-119.9053183,37.58143472
35009,-103.3468992,34.57414777
53065,-117.8550713,48.39899156
55009,-88.00366602,44.452501
37023,-81.70505869,35.74914733
27097,-94.26690418,46.01207437
51177,-77.65615344,38.18453467
26103,-87.64138782,46.43139896
48167,-94.95985195,29.3895025
24041,-76.10341962,38.77026257
47139,-84.52298798,35.11993556
42057,-78.11276349,39.92545432
37159,-80.52501519,35.64030608
37117,-77.10604281,35.84087616
27171,-93.96334763,45.1738141
13293,-84.29964447,32.88096475
31155,-96.63733984,41.22629371
49029,-111.5734451,41.08889094
50003,-73.09291531,43.03531126
37027,-81.5469666,35.95288519
42119,-77.06213019,40.9633376
5055,-90.55895377,36.11773282
36083,-73.50952678,42.71103722
37045,-81.55570623,35.33410942
20149,-96.34276557,39.37903349
24045,-75.62218411,38.37287229
23023,-69.85358192,43.95888365
48089,-96.52613796,29.62080587
6023,-123.8755258,40.69940115
37119,-80.83268027,35.24675454
13297,-83.73367264,33.78121226
48275,-99.74139253,33.60611596
53017,-119.6917069,47.73589576
38097,-97.16169937,47.45400419
6021,-122.3921982,39.59788378
5057,-93.66809039,33.73564268
42123,-79.2740453,41.81377056
31023,-97.13156172,41.22599383
34039,-74.30721513,40.65928966
48097,-97.21276751,33.63940669
48105,-101.4121116,30.72293884
48109,-104.5179143,31.44657839
17139,-88.61929657,39.64136794
19059,-95.15099401,43.37782493
23007,-70.44421037,44.97424486
30007,-111.4961534,46.33259261
48363,-98.31319001,32.75310985
31027,-97.25275919,42.59931244
29161,-91.79238502,37.87731447
42003,-79.9817588,40.46880438
6027,-117.4113187,36.51173415
5119,-92.31191414,34.76993891
6011,-122.2363987,39.17719198
42129,-79.46732917,40.31090839
31055,-96.15494428,41.29533784
20107,-94.84299061,38.21238797
26043,-87.87011459,46.00907005
6065,-115.9939021,33.74329781
41063,-117.1810198,45.57979758
37141,-77.90598182,34.52447523
29163,-91.17165493,39.34397231
48217,-97.13216715,31.99059876
37129,-77.88474375,34.2322858
24039,-75.75887041,38.11381821
21125,-84.1176508,37.11047425
47159,-85.95654414,36.25023609
20125,-95.74280727,37.19252895
55079,-87.96698811,43.00700658
36117,-77.02965084,43.15652579
34005,-74.6680045,39.87782133
6001,-121.888612,37.64642367
47105,-84.31125324,35.73514674
46103,-102.8239659,44.00397449
26071,-88.53028044,46.20865908
27023,-95.56698141,45.0223965
37053,-76.00390334,36.40311519
29143,-89.65190483,36.59439853
30003,-107.4892228,45.42332459
45091,-81.18407852,34.9746458
45065,-82.30961363,33.89941841
35003,-108.4054839,33.91502948
40021,-94.99948708,35.90664273
45081,-81.72732002,34.00631213
37123,-79.90576665,35.3323375
36039,-74.12279549,42.27638026
45073,-83.06576373,34.75329772
48377,-104.2408125,29.99962168
34041,-74.99647914,40.85746195
31065,-99.91249504,40.17646227
40007,-100.4765456,36.74966893
42005,-79.46505466,40.81298372
18073,-87.11611118,41.02296853
13095,-84.21604918,31.53329476
21199,-84.57709045,37.10380837
23019,-68.64952115,45.40038149
29175,-92.49714212,39.44009232
40013,-96.26246372,33.96278604
36115,-73.430748,43.31320642
49051,-111.169609,40.33064897
27163,-92.88374367,45.03911139
5147,-91.24302721,35.18620495
13269,-84.25102911,32.55610793
13067,-84.57652963,33.94183776
8101,-104.5124892,38.17377693
18077,-85.43830308,38.78558559
18149,-86.6477887,41.28077022
27027,-96.49066248,46.89214202
20113,-97.64761598,38.39187087
16067,-113.6374976,42.85441649
40089,-94.77145458,34.1162239
39105,-82.02295352,39.08233336
5017,-91.29365079,33.2673446
5063,-91.56991638,35.74143554
48427,-98.73826312,26.56223662
54037,-77.86242458,39.30849565
51035,-80.73317673,36.73130704
53051,-117.2738324,48.53235595
36033,-74.30395769,44.59274379
36051,-77.77517835,42.72855751
48249,-98.08997801,27.73123346
54099,-82.42685819,38.14585251
6045,-123.3914743,39.44027921
22101,-91.44469375,29.70500764
45031,-79.95766082,34.33234414
45079,-80.90384361,34.02226754
41071,-123.3078799,45.23269019
48299,-98.68429358,30.70581617
51061,-77.80950815,38.7387071
48309,-97.20199931,31.5524976
53037,-120.679712,47.12448572
54057,-78.94327353,39.41464251
1039,-86.45142629,31.24861005
6059,-117.760976,33.70311134
9003,-72.73301048,41.80669859
40075,-98.98054865,34.91625162
18055,-86.96223202,39.03630547
5093,-90.05430077,35.76420127
12039,-84.61383904,30.57930999
12133,-85.66575949,30.61054912
30085,-105.0162772,48.29447097
20021,-94.84624572,37.16921917
24047,-75.33389427,38.212837
25007,-70.65382633,41.39790643
45069,-79.67845191,34.60180925
40059,-99.66696611,36.78871253
9013,-72.33642171,41.85510643
48415,-100.9162656,32.74614567
53043,-118.4186556,47.57605403
51075,-77.91594304,37.72200089
41009,-123.0888664,45.94376691
12127,-81.18197434,29.05852431
12131,-86.17009489,30.64341925
47059,-82.84564638,36.17587226
37143,-76.4395049,36.20508496
35059,-103.4710696,36.48166105
32003,-115.0146087,36.21511541
1083,-86.98207203,34.81013487
8075,-103.1101132,40.72463929
12009,-80.73218698,28.29324349
45045,-82.37063974,34.89387815
13087,-84.5795682,30.87807864
13205,-84.19466894,31.22513235
28021,-90.91182829,31.9736924
8051,-107.0316959,38.66684745
23025,-69.95882156,45.51360259
6051,-118.8872447,37.93940061
50019,-72.24360335,44.82900254
28047,-89.11140872,30.50439082
54067,-80.79999513,38.2918799
54079,-81.90915525,38.5085024
53033,-121.8063614,47.49034831
48361,-93.89437408,30.12099964
51193,-76.80178124,38.11166934
51005,-80.00761323,37.78778327
49053,-113.5045338,37.28047916
38093,-98.95894925,46.97927215
34013,-74.24718209,40.78746195
35049,-105.9759986,35.50670942
13033,-82.00066679,33.0611801
47155,-83.52376973,35.78475751
1017,-85.39168915,32.91366622
51001,-75.63628772,37.76647217
48289,-95.9957025,31.29628413
17113,-88.84769482,40.49061752
13031,-81.74304725,32.39689006
32001,-118.3362581,39.58048345
40101,-95.37949187,35.61612948
40047,-97.78263254,36.3791609
13165,-81.96350449,32.79247176
17143,-89.75986508,40.78797055
37101,-78.36537336,35.51761602
19181,-93.56121354,41.33431116
6107,-118.8004216,36.22081997
6075,-122.4396708,37.75668116
8077,-108.4664844,39.01825229
6039,-119.7624357,37.21825802
36103,-72.84423227,40.87024178
27071,-93.78362729,48.24510754
51019,-79.52391814,37.31502696
50023,-72.61502314,44.27309445
51047,-77.95541958,38.48620048
48043,-103.2522656,29.81174561
6063,-120.8382348,40.00422172
13103,-81.34134143,32.3672031
28027,-90.60273114,34.22906962
19111,-91.47949968,40.64219925
55051,-90.24265966,46.26247657
51085,-77.49131526,37.76033617
39167,-81.49547648,39.45557887
53077,-120.7387387,46.45687521
16013,-113.980642,43.41242641
48479,-99.33173804,27.76103224
48095,-99.86428507,31.32686635
1019,-85.60387066,34.17588713
8021,-106.1911108,37.20059578
19053,-93.78630885,40.73762219
21091,-86.77804483,37.84153525
51069,-78.26241473,39.2045848
5041,-91.2539449,33.83346926
51195,-82.62118772,36.97556152
55013,-92.36769812,45.86286431
24017,-76.9921999,38.50706766
41059,-118.736681,45.59148273
28151,-90.94787195,33.28374517
8117,-106.1163363,39.63420352
36031,-73.77248171,44.11702035
55043,-90.70630534,42.86757481
41029,-122.728377,42.43216537
38001,-102.5285391,46.09690164
46019,-103.507491,44.905694
47163,-82.30419555,36.51291546
50017,-72.37674987,44.00552167
53005,-119.5113335,46.23976031
40131,-95.60476511,36.37196654
51145,-77.915315,37.55029696
51760,-77.47493293,37.53041663
53025,-119.4513964,47.20582642
53041,-122.3933441,46.57770709
48347,-94.61593169,31.6162358
36099,-76.82362358,42.78068586
39161,-84.58607604,40.8555416
12097,-81.14924253,28.06245875
51073,-76.54142204,37.41403941
13059,-83.36755873,33.95097841
51083,-78.93659955,36.76689258
13061,-84.97811756,31.62573219
48407,-95.1671992,30.57936685
6067,-121.3445212,38.44881725
1125,-87.52558359,33.28952146
45055,-80.5903514,34.33859234
20161,-96.7350396,39.29629774
16011,-112.3976535,43.21643996
31021,-96.32857388,41.85154682
55001,-89.77038616,43.96955395
4019,-111.7896381,32.09723099
23021,-69.28442666,45.83789196
34009,-74.80053334,39.14901203
48469,-96.97135956,28.7960712
48293,-96.58095444,31.5454767
48121,-97.11685878,33.20528167
19149,-96.21424951,42.73735704
13073,-82.26371951,33.54404762
8115,-102.3519638,40.87598057
19157,-92.53097077,41.68657418
54053,-82.02651429,38.7698088
37075,-83.83311406,35.35024285
1131,-87.30786547,31.98928301
42051,-79.64746996,39.91984935
20201,-97.08751558,39.78417855
55031,-91.91618868,46.43292074
6097,-122.8872965,38.52842052
51041,-77.58654268,37.37880418
51139,-78.48428212,38.61983485
48401,-94.76183346,32.10819843
51161,-80.067514,37.26938285
48357,-100.8158413,36.27830534
8085,-108.2688129,38.4024194
12105,-81.69711072,27.94872638
13099,-84.90423978,31.32317406
51155,-80.71348404,37.0632927
54073,-81.1606194,39.37099538
1129,-88.20819419,31.40759248
51171,-78.57113544,38.85827071
48215,-98.18144326,26.39667226
19043,-91.34106377,42.84452651
27157,-92.23023021,44.28428259
37167,-80.25088954,35.31173842
8123,-104.3930144,40.55487277
48447,-99.21226795,33.17751417
39153,-81.53219101,41.12587569
48451,-100.4624522,31.40455473
13147,-82.96402556,34.35058893
48453,-97.78169164,30.33471479
29045,-91.73823977,40.41027674
29197,-92.5207783,40.47023216
54107,-81.51490057,39.21127634
51175,-77.10566044,36.72019409
29013,-94.34015625,38.25742352
22047,-91.3485086,30.25819586
19061,-90.88262627,42.46858503
19189,-93.73407175,43.3775066
12085,-80.43133534,27.07737178
13027,-83.57966245,30.84191162
13127,-81.53985797,31.23071711
5013,-92.50253376,33.55786388
13153,-83.66625831,32.45919716
39175,-83.3042663,40.84236699
48465,-101.1521556,29.89249412
12057,-82.30867294,27.92948052
39051,-84.12943991,41.60183312
12023,-82.62162029,30.22445638
24023,-79.27376451,39.52849306
39155,-80.76110735,41.31734436
12001,-82.35823348,29.67497355
5083,-93.71630518,35.21550403
48485,-98.7035838,33.98806865
13207,-83.91905929,33.0139317
39059,-81.49400106,40.05191963
13221,-83.08144741,33.88064398
39017,-84.57607723,39.43897921
12086,-80.55914415,25.61511557
48503,-98.68790885,33.17659707
13319,-83.17090856,32.80234579
50005,-72.10243367,44.46487758
54023,-79.19584305,39.10496268
54093,-79.56567428,39.11375036
55101,-88.06111861,42.74731284
35039,-106.6929637,36.50984697
36059,-73.58622623,40.73761782
36075,-76.14177407,43.42718293
9011,-72.10232387,41.48708483
13259,-84.83395276,32.07839601
19195,-93.26085274,43.37747964
20131,-96.01393095,39.78343169
48505,-99.16858655,27.00076857
39035,-81.6587538,41.42426021
48239,-96.5775562,28.95369067
37073,-76.70046305,36.44475497
6113,-121.9015118,38.68648941
36079,-73.74940843,41.42650368
31173,-96.54400362,42.15819496
48491,-97.60120361,30.64812769
35001,-106.6705759,35.05121905
19127,-92.9990819,42.03586837
19131,-92.78887576,43.35639379
17057,-90.20749434,40.47248529
36063,-78.7453209,43.20013175
1101,-86.20787706,32.22089414
50007,-73.08101275,44.46109238
24021,-77.3978074,39.4720692
26029,-85.12921505,45.30562797
55011,-91.75475095,44.38005523
36089,-75.06907698,44.49647794
6055,-122.3306328,38.5065458
5089,-92.68397295,36.26842934
16029,-111.5621762,42.77049766
13271,-82.93880265,31.92997221
12047,-82.94763284,30.49612932
45041,-79.70224581,34.02447241
32029,-119.5289865,39.44660847
41005,-122.2205544,45.18820387
37125,-79.48151986,35.31080558
40049,-97.30937006,34.7044021
5015,-93.53832319,36.34107901
29123,-90.34465099,37.47823462
25009,-70.9515844,42.67174524
48057,-96.60474134,28.50349599
46011,-96.79064836,44.36981684
8031,-104.8760248,39.76129114
34027,-74.54440839,40.86163004
22071,-89.92833674,30.06918821
41051,-122.4157429,45.54693681
37019,-78.23791614,34.07037851
37083,-77.65158415,36.25737352
27143,-94.23165958,44.5793954
27061,-93.63162349,47.50907819
21207,-85.05838705,36.99115809
29029,-92.76600464,38.02703414
26065,-84.37346607,42.59737278
45029,-80.66691164,32.86353032
45043,-79.33242281,33.43337482
37033,-79.33355984,36.39327555
37049,-77.09255683,35.12343918
40113,-96.3983805,36.62910128
22073,-92.15486108,32.47822702
8005,-104.3385011,39.649919
30047,-114.0894823,47.64593461
48475,-103.1024815,31.50920785
30087,-106.7307531,46.22979285
13211,-83.49227858,33.5909479
42101,-75.13324284,40.00806441
47115,-85.62192494,35.1294263
26031,-84.50065611,45.44701265
21127,-82.73464321,38.06766833
27099,-92.75235164,43.67138759
27065,-93.29290464,45.94534057
31145,-100.477247,40.17604429
26069,-83.63669002,44.35578542
31043,-96.56465437,42.39108493
40139,-101.4901113,36.74789073
31169,-97.59506372,40.17621044
31051,-96.86826909,42.49349461
36085,-74.15390987,40.58183643
34003,-74.07441147,40.96008351
48487,-99.24098891,34.08084256
36011,-76.55468471,42.91811235
8089,-103.7166632,37.90245342
48261,-97.69810806,26.92975017
40135,-94.75507825,35.49549888
26063,-83.03116796,43.83293286
37145,-78.9715773,36.38999755
17183,-87.73292603,40.18371674
48181,-96.67774905,33.62702927
8099,-102.3932762,37.95519022
49041,-111.8045988,38.74769427
51007,-77.9752747,37.33550025
48395,-96.51322902,31.02665136
40119,-96.97542338,36.07716359
29201,-89.56865798,37.05301351
29171,-93.01666575,40.47877624
34017,-74.07753388,40.73476975
13305,-81.91710568,31.55172562
8093,-105.7172304,39.11969049
48417,-99.35401337,32.73587756
48257,-96.2877972,32.59905385
48315,-94.3574341,32.79813996
5007,-94.25598718,36.33873798
34029,-74.28147189,39.88494891
1001,-86.64289976,32.53514228
26007,-83.62606894,45.03457851
48207,-99.73037359,33.17823584
16083,-114.6681729,42.35608428
16041,-111.8131009,42.18121994
6029,-118.72959,35.34292819
51181,-76.90027517,37.10963661
51191,-81.95959909,36.72455999
49047,-109.517996,40.12501568
48183,-94.81675582,32.4801034
37043,-83.75018218,35.05771746
5033,-94.24296995,35.588841
5047,-93.89070916,35.51229968
36077,-75.03243898,42.63374775
42089,-75.33930212,41.05812363
48459,-94.94114818,32.73670474
26163,-83.28221321,42.28172038
26099,-82.93255517,42.69584067
20165,-99.30863983,38.52275276
17089,-88.42861217,41.93895003
18167,-87.38969715,39.43073114
19155,-95.54290277,41.33661346
21111,-85.65772828,38.18834895
21023,-84.08972896,38.68873502
37147,-77.37489067,35.59325583
39011,-84.22168058,40.56085701
40143,-95.94143178,36.12121947
29179,-90.96899002,37.36244864
22001,-92.41163568,30.29064732
31073,-99.83020279,40.51481965
22097,-92.00579532,30.59908084
36071,-74.30558896,41.40198158
36001,-73.97341306,42.59987237
47103,-86.58840969,35.14053022
38019,-98.46469965,48.77240346
38011,-103.5205091,46.1127569
16017,-116.6009928,48.2996896
16035,-115.656021,46.67349275
17125,-89.91665526,40.23934407
28089,-90.03327096,32.63533895
17025,-88.49033998,38.75410733
21211,-85.19489586,38.21556092
17021,-89.27760111,39.54582799
13303,-82.79573433,32.96958544
31067,-96.68942195,40.26183622
17073,-90.13161776,41.35314875
25003,-73.2062907,42.37045737
48313,-95.92738963,30.96540306
48041,-96.30208322,30.66074221
51187,-78.20860922,38.90870136
38053,-103.3954265,47.74027674
20045,-95.29263542,38.88451412
20177,-95.75652721,39.04138192
18033,-84.99898798,41.39806132
22019,-93.35798129,30.22942198
55083,-88.26895246,45.02616558
37065,-77.59635385,35.91303781
13051,-81.13247732,32.00445256
12061,-80.60559316,27.69396994
16065,-111.6592182,43.78411982
51053,-77.63238876,37.07597757
6101,-121.6946189,39.03464654
20181,-101.7197684,39.35147377
17133,-90.17743157,38.27853951
13043,-82.07387018,32.40345007
8097,-106.9159345,39.21732141
51009,-79.14517223,37.60543548
40069,-96.66080537,34.31652004
48339,-95.50331613,30.30019889
40099,-97.06798798,34.48236468
40121,-95.74895216,34.92386502
18109,-86.44647098,39.48166964
29019,-92.30983436,38.99091068
37179,-80.53061478,34.98836835
6073,-116.7353982,33.03386576
18039,-85.85885682,41.59771704
48383,-101.5232659,31.36607041
48177,-97.49248742,29.45652075
48247,-98.69730012,27.04354651
17149,-90.88665915,39.62260409
48091,-98.2785174,29.80840142
48439,-97.29099289,32.77145377
26139,-85.9964531,42.95990607
46117,-100.7360867,44.41245198
39101,-83.1598587,40.58744702
19051,-92.41006563,40.74775139
13285,-85.02873581,33.03346388
6041,-122.7234103,38.07351203
8087,-103.8102221,40.26279879
38077,-96.94827807,46.26461801
13039,-81.67060271,30.93041791
33017,-71.02927319,43.29717653
36019,-73.67828248,44.74606721
30083,-104.5616375,47.78794828
39095,-83.65545282,41.62064794
45011,-81.43543848,33.26610854
45057,-80.7054154,34.68642517
47095,-89.49340328,36.33529914
19161,-95.10547892,42.38624071
48355,-97.61091925,27.72543779
6009,-120.554132,38.20478056
53031,-123.5935915,47.7490129
8015,-106.1940269,38.74728839
6033,-122.7532352,39.0996887
37165,-79.48032175,34.84114162
32019,-119.1886954,39.01991047
42073,-80.33434051,40.99133874
42039,-80.10676906,41.68442887
41045,-117.6231067,43.19355699
47183,-88.71817942,36.29822836
42015,-76.515651,41.78867556
41001,-117.6755473,44.70919815
8109,-106.2809773,38.08034572
8055,-104.9607082,37.68484082
13001,-82.28874491,31.749434
36107,-76.3061895,42.17034639
30053,-115.4051151,48.54246989
45001,-82.45872709,34.22269468
31105,-103.7149939,41.19760039
35037,-103.5493944,35.10459783
23031,-70.7143165,43.47829059
50025,-72.71377523,42.99053464
53057,-121.7319234,48.47967845
1045,-85.611081,31.43204363
53015,-122.6802732,46.19321499
51800,-76.63944938,36.69549937
45023,-81.15923162,34.69173842
12095,-81.32311592,28.51429239
36045,-75.93125006,44.04796973
32033,-114.9015438,39.44238145
34001,-74.66040811,39.47790545
42017,-75.10684724,40.33694355
30059,-110.8856024,46.59797522
37037,-79.25545829,35.70266277
37097,-80.87332588,35.8068797
42061,-77.98140696,40.41688617
37017,-78.56283195,34.61418037
30013,-111.3474099,47.30823753
51091,-79.56866954,38.36239367
51810,-76.04367462,36.73349545
51165,-78.87581609,38.51221007
28149,-90.8514399,32.35637859
55063,-91.11543876,43.9066398
17119,-89.90510951,38.83016798
19143,-95.62422758,43.37868127
19057,-91.18142629,40.92294179
29033,-93.50521161,39.42694823
19153,-93.57365396,41.68547042
16077,-112.8410539,42.69368252
17081,-88.92397205,38.30019275
21143,-88.0827506,37.01910678
55105,-89.0712802,42.67118649
55061,-87.61509441,44.51638089
37183,-78.65050164,35.78982367
45071,-81.59990705,34.28974754
33013,-71.68059329,43.2975734
8049,-106.1184564,40.10246658
6007,-121.6008508,39.66681952
13071,-83.76886209,31.18832547
13199,-84.68849214,33.04118311
20209,-94.76482929,39.11438143
22051,-90.11275154,29.74131251
5069,-91.93189159,34.26882203
24025,-76.31717004,39.56126248
28007,-89.58086337,33.08676427
1123,-85.79746538,32.86280802
32015,-117.0390723,39.93361994
34035,-74.61645904,40.56375707
30045,-110.2659877,47.04516111
36113,-73.84603737,43.56091887
42107,-76.21642765,40.70586881
42041,-77.26523042,40.16350914
21151,-84.27808893,37.71989076
16047,-114.8116615,42.97094353
5071,-93.46000035,35.57001766
48141,-106.2352418,31.76884214
24043,-77.81329014,39.60413752
41053,-123.4132525,44.90338514
41017,-121.227881,43.91469217
30049,-112.3904537,47.12259745
27127,-95.25398841,44.40365018
16005,-112.2247491,42.6686619
29075,-94.4096279,40.21170604
54025,-80.45282888,37.94721189
41019,-123.1658435,43.2796987
41035,-121.6500072,42.68605026
42045,-75.39915513,39.9166501
46021,-100.0517394,45.77126363
27103,-94.24751207,44.34987456
29195,-93.20185128,39.13696633
22033,-91.0956724,30.53801719
22077,-91.60044956,30.70893573
13273,-84.43693855,31.77710794
21097,-84.33134658,38.44203171
17105,-88.55786997,40.89167342
17167,-89.65883945,39.75818327
17203,-89.21080819,40.78829846
55099,-90.36154528,45.68054246
42127,-75.30318879,41.64851654
22029,-91.63992436,31.44577009
48307,-99.34743941,31.1988896
51031,-79.09657032,37.20561193
26159,-86.01839482,42.25166438
46065,-99.99599706,44.38906584
18021,-87.11576766,39.39291835
55057,-90.11372082,43.92432055
12107,-81.7442726,29.60884076
19001,-94.47105874,41.33075609
47041,-85.83288678,35.98021146
51029,-78.52851211,37.57196671
37055,-75.78245555,35.7632084
8069,-105.4615545,40.6665145
12073,-84.27761309,30.45806493
13137,-83.53054815,34.63090057
26049,-83.70652806,43.02216976
35045,-108.3206012,36.50824605
48341,-101.8930281,35.83769242
55103,-90.42949677,43.37567167
48203,-94.37105127,32.54840734
38089,-102.6550438,46.81078851
42033,-78.4740474,41.00013648
39097,-83.40012747,39.89429692
1089,-86.55056927,34.76292257
5139,-92.59770646,33.17125929
12101,-82.3964731,28.30833195
36105,-74.7681497,41.71624399
48071,-94.60850621,29.73846857
42111,-79.02838302,39.9723843
51109,-77.96275853,37.97807843
48143,-98.21770884,32.23614282
42055,-77.72158008,39.92745705
13253,-84.86850436,30.93897842
12089,-81.80190989,30.61062054
50027,-72.58619896,43.57967872
37095,-76.24647047,35.51917533
48323,-100.3147083,28.74262555
44007,-71.58004041,41.8721229
53075,-117.5229774,46.90119074
13105,-82.83992664,34.11635114
17195,-89.91362191,41.75598396
18029,-84.97334479,39.14487647
41039,-122.8473327,43.93889441
5067,-91.21423884,35.59923757
47009,-83.92484736,35.68735498
41049,-119.5837591,45.41897957
39053,-82.31692618,38.82476088
45007,-82.63793115,34.5189668
29217,-94.34168569,37.84998285
18129,-87.86874523,38.02193911
25011,-72.59174125,42.58309231
48241,-94.02607231,30.74482946
30057,-111.9213142,45.30105558
28033,-89.99140222,34.8756938
27037,-93.06556878,44.67245057
27055,-91.49277553,43.67146528
29183,-90.67411979,38.78248212
8063,-102.60233,39.30507096
12087,-81.12021765,25.27277607
28121,-89.94594839,32.26422272
36061,-73.97166722,40.7721053
53061,-121.6977603,48.04772437
48001,-95.65255946,31.81341571
53063,-117.4039405,47.62077953
25015,-72.66378659,42.34022511
49013,-110.4255449,40.29770877
53027,-123.773048,47.14971004
8039,-104.1351629,39.2863996
36095,-74.44200509,42.58814833
48025,-97.74102624,28.41736711
32031,-119.6643222,40.66566815
22121,-91.3125095,30.46264338
5115,-93.03400145,35.4476948
13261,-84.19615662,32.04008071
49033,-111.2445372,41.63204523
8067,-107.843327,37.28655123
48481,-96.22242975,29.2778845
55121,-91.35874906,44.30390193
8071,-104.0385309,37.31577175
8001,-104.3375808,39.87357077
27145,-94.61299658,45.55199481
13107,-82.30173104,32.58963191
47179,-82.49711101,36.293414
40061,-95.11606392,35.22501645
19173,-94.69599224,40.73748072
42059,-80.22298108,39.85389048
36081,-73.81734511,40.70829859
36065,-75.4358883,43.24167426
40087,-97.44298086,35.00888538
1095,-86.30615623,34.36690867
48291,-94.81225285,30.15161146
54061,-80.04558938,39.63024065
28163,-90.39655652,32.78007214
35035,-105.7417441,32.61323163
29097,-94.34047486,37.20351967
42063,-79.08763255,40.65207806
24013,-77.02256972,39.56320174
20055,-100.7376459,38.04405338
12113,-87.02194752,30.70016907
6099,-120.9979524,37.55851635
12109,-81.4405388,29.90168542
54103,-80.63834457,39.60550303
50013,-73.29488547,44.79689986
26027,-85.99403741,41.91545547
13299,-82.42364479,31.05375667
27021,-94.32573065,46.94877115
37103,-77.35562096,35.02185042
17071,-90.92497453,40.81804873
38105,-103.4801272,48.34373147
45049,-81.14110731,32.7764169
44009,-71.62328128,41.46943509
40093,-98.53456924,36.31174656
9009,-72.93235204,41.41072833
29189,-90.44344187,38.64048457
18183,-85.50505208,41.13932767
31039,-96.78730772,41.91637624
26157,-83.41747147,43.46515989
39029,-80.77709087,40.76853311
51095,-76.77717182,37.32794596
42069,-75.60919397,41.43666224
42013,-78.34882696,40.48075545
47177,-85.77914118,35.67900378
13257,-83.29303308,34.55397748
19193,-96.04432637,42.38966116
39025,-84.15193439,39.04742036
37047,-78.65514472,34.26573301
12103,-82.73164012,27.92895178
26147,-82.68083292,42.93188855
37071,-81.18014844,35.29432138
6047,-120.7175058,37.19189197
20041,-97.15266036,38.86611825
21223,-85.33714572,38.61269613
48331,-96.97728156,30.7861553
45025,-80.15867356,34.63979804
12017,-82.47793438,28.84873662
22075,-89.62329285,29.43435182
39145,-82.99326888,38.80404083
40085,-97.24422829,33.95005271
36111,-74.25878826,41.888126
17031,-87.81698762,41.84005007
37021,-82.53035424,35.6112775
37015,-76.9766892,36.0658315
34031,-74.30115633,41.03446344
31049,-102.3338627,41.111546
45017,-80.78101991,33.67482869
33003,-71.20268868,43.87378859
35019,-104.7904138,34.86315461
36087,-74.02389861,41.15225744
39163,-82.48545415,39.25106486
16087,-116.7847747,44.45250794
51057,-76.9520416,37.94303646
21139,-88.35351775,37.20997298
48061,-97.51397873,26.13427178
37135,-79.12071407,36.06127743
5005,-92.33686558,36.28715062
34037,-74.69082533,41.13935722
48353,-100.4060382,32.30390399
45047,-82.12646941,34.15414545
18053,-85.65468702,40.51587228
47003,-86.4596155,35.51388628
17177,-89.66268151,42.35166558
4017,-110.3213121,35.39960537
18127,-87.06793187,41.46066332
53045,-123.1920342,47.34793175
21185,-85.44866529,38.39974783
37099,-83.14111074,35.28733908
48077,-98.20837415,33.78558981
18071,-86.03756074,38.90634215
17161,-90.56755378,41.46753509
39111,-81.08267492,39.72753365
13209,-82.53452747,32.17325981
27035,-94.07070376,46.48265818
22039,-92.40566294,30.72890813
17179,-89.51334003,40.50758831
29207,-89.94436038,36.85565464
39123,-83.10923872,41.5370554
29147,-94.88335354,40.36098014
13237,-83.37315585,33.32175332
17145,-89.36728052,38.08436666
12079,-83.46989512,30.44431386
37137,-76.72927678,35.14691784
21049,-84.14820158,37.97054025
38055,-101.3219684,47.60697344
4001,-109.488754,35.39559896
40023,-95.55375412,34.0255707
34025,-74.22051128,40.2606812
1077,-87.65411658,34.9015002
56037,-108.8793882,41.6597625
48053,-98.18244138,30.78852336
29051,-92.28161601,38.50579587
20029,-97.64919278,39.48027303
51143,-79.39718973,36.82128716
26093,-83.9117077,42.60389287
39007,-80.74863402,41.70753004
26055,-85.56013503,44.66916098
26101,-86.05635345,44.33345321
16033,-112.3520136,44.28409003
8059,-105.2504738,39.58646067
1069,-85.30251402,31.15295179
17077,-89.38232705,37.78505462
5019,-93.17667235,34.05108285
51167,-82.09596509,36.93361023
33019,-72.22243767,43.36150987
5059,-92.94560125,34.31751189
46027,-96.97560307,42.91461976
49001,-113.2353778,38.35770202
48197,-99.74572968,34.29029034
48187,-97.9484645,29.58321407
27015,-94.727558,44.24201356
17085,-90.21246462,42.36542788
31177,-96.22188779,41.53110052
55119,-90.50164471,45.21158608
51025,-77.85881453,36.76457633
26149,-85.52810068,41.91439741
40145,-95.52115154,35.96138606
16045,-116.3979457,44.0602805
26005,-85.88845897,42.59147142
51093,-76.72465523,36.89191765
50011,-72.9120833,44.85745972
25017,-71.39262102,42.48584344
24035,-76.0237387,39.06631908
27141,-93.77496918,45.44403172
39057,-83.88969073,39.69132786
5137,-92.15689859,35.86003074
42091,-75.36722689,40.21085251
39019,-81.08973346,40.579572
5021,-90.41718919,36.36822542
37025,-80.55133048,35.38756942
42011,-75.92604322,40.41644424
45015,-79.95087397,33.19764043
48389,-103.6930786,31.32283311
48489,-97.65724482,26.47040624
54049,-80.24323834,39.51008055
51087,-77.40505652,37.53796421
17193,-88.18016372,38.08714445
40079,-94.70338293,34.90011477
36119,-73.75591281,41.16176335
53039,-120.7895031,45.87361546
53011,-122.4823115,45.77919832
31103,-99.71213247,42.87883323
31107,-97.89176183,42.63684531
13185,-83.26738819,30.83391096
18017,-86.34620721,40.76165964
26091,-84.06641246,41.89469406
